{
    "product_name": "Wasabi coated green peas",
    "brands": null,
    "product_category": "+Wasabi+peas",
    "meal_type": "snack",
    "gluten_free": false,
    "nutriments": {
        "carbohydrates": 60,
        "carbohydrates_100g": 60,
        "carbohydrates_unit": "g",
        "carbohydrates_value": 60,
        "energy": 1953,
        "energy-kcal": 466.66666666667,
        "energy-kcal_100g": 466.66666666667,
        "energy-kcal_unit": "kcal",
        "energy-kcal_value": 466.66666666667,
        "energy-kcal_value_computed": 463.333333333335,
        "energy_100g": 1953,
        "energy_unit": "kcal",
        "energy_value": 466.66666666667,
        "fat": 16.666666666667,
        "fat_100g": 16.666666666667,
        "fat_unit": "g",
        "fat_value": 16.666666666667,
        "fiber": 10,
        "fiber_100g": 10,
        "fiber_unit": "g",
        "fiber_value": 10,
        "proteins": 13.333333333333,
        "proteins_100g": 13.333333333333,
        "proteins_unit": "g",
        "proteins_value": 13.333333333333,
        "salt": 1.5833333333333,
        "salt_100g": 1.5833333333333,
        "salt_unit": "g",
        "salt_value": 1.5833333333333,
        "saturated-fat": 6.6666666666667,
        "saturated-fat_100g": 6.6666666666667,
        "saturated-fat_unit": "g",
        "saturated-fat_value": 6.6666666666667,
        "sodium": 0.63333333333332,
        "sodium_100g": 0.63333333333332,
        "sodium_unit": "g",
        "sodium_value": 0.63333333333332,
        "sugars": 13.333333333333,
        "sugars_100g": 13.333333333333,
        "sugars_unit": "g",
        "sugars_value": 13.333333333333
    },
    "image_path": "food_images/wasabi_peas/images/Wasabi coated green peas.jpg",
    "nutri_score": "unknown"
}