{
    "product_name": "Wasabi Peas",
    "brands": null,
    "product_category": "+Wasabi+peas",
    "meal_type": "snack",
    "gluten_free": false,
    "nutriments": {
        "carbohydrates": 64.285714285714,
        "carbohydrates_100g": 64.285714285714,
        "carbohydrates_unit": "g",
        "carbohydrates_value": 64.285714285714,
        "energy": 1793,
        "energy-kcal": 428.57142857143,
        "energy-kcal_100g": 428.57142857143,
        "energy-kcal_unit": "kcal",
        "energy-kcal_value": 428.57142857143,
        "energy-kcal_value_computed": 467.857142857142,
        "energy_100g": 1793,
        "energy_unit": "kcal",
        "energy_value": 428.57142857143,
        "fat": 10.714285714286,
        "fat_100g": 10.714285714286,
        "fat_unit": "g",
        "fat_value": 10.714285714286,
        "fiber": 14.285714285714,
        "fiber_100g": 14.285714285714,
        "fiber_unit": "g",
        "fiber_value": 14.285714285714,
        "proteins": 21.428571428571,
        "proteins_100g": 21.428571428571,
        "proteins_unit": "g",
        "proteins_value": 21.428571428571,
        "salt": 1.4285714285714,
        "salt_100g": 1.4285714285714,
        "salt_unit": "g",
        "salt_value": 1.4285714285714,
        "saturated-fat": 3.5714285714286,
        "saturated-fat_100g": 3.5714285714286,
        "saturated-fat_unit": "g",
        "saturated-fat_value": 3.5714285714286,
        "sodium": 0.57142857142856,
        "sodium_100g": 0.57142857142856,
        "sodium_unit": "g",
        "sodium_value": 0.57142857142856,
        "sugars": 7.1428571428571,
        "sugars_100g": 7.1428571428571,
        "sugars_unit": "g",
        "sugars_value": 7.1428571428571
    },
    "image_path": "food_images/wasabi_peas/images/Wasabi Peas.jpg",
    "nutri_score": "unknown"
}